{
  "$schema": "http://json-schema.org/schema",
  "type": "object",
  "description": "infoTransformar",
  "id": "InfoTransformar",
  "javaType": "edu.co.javeriana.modelado.model.InfoTransformar",
  "additionalProperties": false,
  "properties": {
  	"operacion": {
  		"type": "string",
      	"required": false
  	},
    "convenio": {
      "type": "string",
      "required": false
    },
    "tipo": {
      "type": "string",
      "required": false
    },
    "info": {
      "type": "string",
      "required": false
    }
  }
}
