{
  "$schema": "http://json-schema.org/schema",
  "type": "object",
  "description": "infoConvenios",
  "id": "InfoConvenios",
  "javaType": "edu.co.javeriana.modelado.model.InfoConvenios",
  "additionalProperties": false,
  "properties": {
  	"refPago": {
  		"type": "string",
      	"required": false
  	},
    "valorPago": {
      "type": "double",
      "required": false
    },
    "tipoServicio": {
      "type": "string",
      "required": false
    },
    "metodo": {
      "type": "string",
      "required": false
    },
    "endPoint": {
      "type": "string",
      "required": false
    },
    "operacion": {
      "type": "string",
      "required": false
    },
    "idConvenio": {
      "type": "string",
      "required": false
    }
  }
}
